CREATE DATABASE  IF NOT EXISTS `namqh` /*!40100 DEFAULT CHARACTER SET utf8 */;
USE `namqh`;
-- MySQL dump 10.13  Distrib 8.0.18, for Win64 (x86_64)
--
-- Host: 192.168.56.145    Database: namqh
-- ------------------------------------------------------
-- Server version	5.7.30-0ubuntu0.18.04.1

/*!40101 SET @OLD_CHARACTER_SET_CLIENT=@@CHARACTER_SET_CLIENT */;
/*!40101 SET @OLD_CHARACTER_SET_RESULTS=@@CHARACTER_SET_RESULTS */;
/*!40101 SET @OLD_COLLATION_CONNECTION=@@COLLATION_CONNECTION */;
/*!50503 SET NAMES utf8 */;
/*!40103 SET @OLD_TIME_ZONE=@@TIME_ZONE */;
/*!40103 SET TIME_ZONE='+00:00' */;
/*!40014 SET @OLD_UNIQUE_CHECKS=@@UNIQUE_CHECKS, UNIQUE_CHECKS=0 */;
/*!40014 SET @OLD_FOREIGN_KEY_CHECKS=@@FOREIGN_KEY_CHECKS, FOREIGN_KEY_CHECKS=0 */;
/*!40101 SET @OLD_SQL_MODE=@@SQL_MODE, SQL_MODE='NO_AUTO_VALUE_ON_ZERO' */;
/*!40111 SET @OLD_SQL_NOTES=@@SQL_NOTES, SQL_NOTES=0 */;

--
-- Table structure for table `devices`
--

DROP TABLE IF EXISTS `devices`;
/*!40101 SET @saved_cs_client     = @@character_set_client */;
/*!50503 SET character_set_client = utf8mb4 */;
CREATE TABLE `devices` (
  `id` varchar(10) NOT NULL,
  `lati_north` float NOT NULL,
  `longti_east` float NOT NULL,
  `lati_south` float NOT NULL,
  `longti_west` float NOT NULL,
  `location` varchar(200) DEFAULT NULL,
  `ipv4_addr` int(11) DEFAULT NULL,
  `ipv6_addr` varbinary(16) DEFAULT NULL,
  `user_population` int(11) NOT NULL DEFAULT '0',
  `extra_info` varchar(200) DEFAULT NULL,
  `created_at` timestamp NULL DEFAULT CURRENT_TIMESTAMP,
  `updated_at` timestamp NULL DEFAULT CURRENT_TIMESTAMP ON UPDATE CURRENT_TIMESTAMP,
  PRIMARY KEY (`id`)
) ENGINE=InnoDB DEFAULT CHARSET=utf8;
/*!40101 SET character_set_client = @saved_cs_client */;

--
-- Dumping data for table `devices`
--

LOCK TABLES `devices` WRITE;
/*!40000 ALTER TABLE `devices` DISABLE KEYS */;
INSERT INTO `devices` VALUES ('s1',35.2625,126.765,35.1875,126.64,NULL,NULL,NULL,0,NULL,'2018-05-17 14:58:24','2018-05-17 14:58:24'),('s10',35.0875,126.915,35.0375,126.79,NULL,NULL,NULL,0,NULL,'2018-05-17 14:58:24','2018-05-17 14:58:24'),('s11',35.1375,126.965,35.0875,126.84,NULL,NULL,NULL,0,NULL,'2018-05-17 14:58:24','2018-05-17 14:58:24'),('s12',35.1875,127.04,35.0875,126.965,NULL,NULL,NULL,0,NULL,'2018-05-17 14:58:24','2018-05-17 14:58:24'),('s13',35.0875,127.04,35.0375,126.915,NULL,NULL,NULL,0,NULL,'2018-05-17 14:58:24','2018-05-17 14:58:24'),('s2',35.2625,126.865,35.1875,126.765,NULL,NULL,NULL,0,NULL,'2018-05-17 14:58:24','2018-05-17 14:58:24'),('s3',35.2625,126.965,35.1875,126.865,NULL,NULL,NULL,0,NULL,'2018-05-17 14:58:24','2018-05-17 14:58:24'),('s4',35.2625,127.04,35.1875,126.965,NULL,NULL,NULL,0,NULL,'2018-05-17 14:58:24','2018-05-17 14:58:24'),('s5',35.1875,126.965,35.1375,126.84,NULL,NULL,NULL,0,NULL,'2018-05-17 14:58:24','2018-05-17 14:58:24'),('s6',35.1875,126.84,35.1375,126.715,NULL,NULL,NULL,0,NULL,'2018-05-17 14:58:24','2018-05-17 14:58:24'),('s7',35.1375,126.84,35.0875,126.715,NULL,NULL,NULL,0,NULL,'2018-05-17 14:58:24','2018-05-17 14:58:24'),('s8',35.1875,126.715,35.0875,126.64,NULL,NULL,NULL,0,NULL,'2018-05-17 14:58:24','2018-05-17 14:58:24'),('s9',35.0875,126.79,35.0375,126.64,NULL,NULL,NULL,0,NULL,'2018-05-17 14:58:24','2018-05-17 14:58:24');
/*!40000 ALTER TABLE `devices` ENABLE KEYS */;
UNLOCK TABLES;

--
-- Table structure for table `links`
--

DROP TABLE IF EXISTS `links`;
/*!40101 SET @saved_cs_client     = @@character_set_client */;
/*!50503 SET character_set_client = utf8mb4 */;
CREATE TABLE `links` (
  `id` int(11) NOT NULL AUTO_INCREMENT,
  `src1` varchar(10) NOT NULL,
  `src2` varchar(10) NOT NULL,
  `total_bandwidth_mbps` int(11) DEFAULT '10',
  `delay_ms` float DEFAULT '0',
  `loss_rate` int(11) NOT NULL DEFAULT '0',
  `used_bandwidth_mbps` int(11) NOT NULL DEFAULT '0',
  `extra_info` varchar(100) DEFAULT NULL,
  `created_at` timestamp NULL DEFAULT CURRENT_TIMESTAMP,
  `updated_at` timestamp NULL DEFAULT CURRENT_TIMESTAMP ON UPDATE CURRENT_TIMESTAMP,
  PRIMARY KEY (`id`),
  KEY `fk_links_src_idx` (`src1`),
  KEY `fk_links_dest_idx` (`src2`),
  CONSTRAINT `fk_links_src1` FOREIGN KEY (`src1`) REFERENCES `devices` (`id`) ON DELETE CASCADE ON UPDATE CASCADE,
  CONSTRAINT `fk_links_src2` FOREIGN KEY (`src2`) REFERENCES `devices` (`id`) ON DELETE CASCADE ON UPDATE CASCADE
) ENGINE=InnoDB AUTO_INCREMENT=39 DEFAULT CHARSET=utf8;
/*!40101 SET character_set_client = @saved_cs_client */;

--
-- Dumping data for table `links`
--

LOCK TABLES `links` WRITE;
/*!40000 ALTER TABLE `links` DISABLE KEYS */;
INSERT INTO `links` VALUES (1,'s1','s2',10,0,0,0,NULL,'2018-05-17 15:00:07','2018-05-17 15:15:18'),(2,'s2','s1',10,0,0,0,NULL,'2018-05-17 15:15:27','2018-05-17 15:15:27'),(3,'s1','s8',10,0,0,0,NULL,'2018-05-17 15:15:27','2018-05-17 15:15:27'),(4,'s8','s1',10,0,0,0,NULL,'2018-05-17 15:15:27','2018-05-17 15:15:27'),(5,'s2','s3',10,0,0,0,NULL,'2018-05-17 15:15:27','2018-05-17 15:15:27'),(6,'s3','s2',10,0,0,0,NULL,'2018-05-17 15:15:27','2018-05-17 15:15:27'),(7,'s2','s6',10,0,0,0,NULL,'2018-05-17 15:15:27','2018-05-17 15:15:27'),(8,'s6','s2',10,0,0,0,NULL,'2018-05-17 15:15:27','2018-05-17 15:15:27'),(9,'s3','s4',10,0,0,0,NULL,'2018-05-17 15:15:27','2018-05-17 15:15:27'),(10,'s4','s3',10,0,0,0,NULL,'2018-05-17 15:15:27','2018-05-17 15:15:27'),(11,'s4','s5',10,0,0,0,NULL,'2018-05-17 15:15:27','2018-05-17 15:15:27'),(12,'s5','s4',10,0,0,0,NULL,'2018-05-17 15:15:27','2018-05-17 15:15:27'),(13,'s4','s12',10,0,0,0,NULL,'2018-05-17 15:15:27','2018-05-17 15:15:27'),(14,'s12','s4',10,0,0,0,NULL,'2018-05-17 15:15:27','2018-05-17 15:15:27'),(15,'s5','s6',10,0,0,0,NULL,'2018-05-17 15:15:27','2018-05-17 15:15:27'),(16,'s6','s5',10,0,0,0,NULL,'2018-05-17 15:15:27','2018-05-17 15:15:27'),(17,'s5','s11',10,0,0,0,NULL,'2018-05-17 15:15:27','2018-05-17 15:15:27'),(18,'s11','s5',10,0,0,0,NULL,'2018-05-17 15:15:27','2018-05-17 15:15:27'),(19,'s6','s7',10,0,0,0,NULL,'2018-05-17 15:15:27','2018-05-17 15:15:27'),(20,'s7','s6',10,0,0,0,NULL,'2018-05-17 15:15:27','2018-05-17 15:15:27'),(21,'s7','s8',10,0,0,0,NULL,'2018-05-17 15:15:27','2018-05-17 15:15:27'),(22,'s8','s7',10,0,0,0,NULL,'2018-05-17 15:15:27','2018-05-17 15:15:27'),(23,'s7','s10',10,0,0,0,NULL,'2018-05-17 15:15:27','2018-05-17 15:15:27'),(24,'s10','s7',10,0,0,0,NULL,'2018-05-17 15:15:27','2018-05-17 15:15:27'),(25,'s7','s11',10,0,0,0,NULL,'2018-05-17 15:15:27','2018-05-17 15:15:27'),(26,'s11','s7',10,0,0,0,NULL,'2018-05-17 15:15:27','2018-05-17 15:15:27'),(27,'s8','s9',10,0,0,0,NULL,'2018-05-17 15:15:27','2018-05-17 15:15:27'),(28,'s9','s8',10,0,0,0,NULL,'2018-05-17 15:15:27','2018-05-17 15:15:27'),(29,'s9','s10',10,0,0,0,NULL,'2018-05-17 15:15:27','2018-05-17 15:15:27'),(30,'s10','s9',10,0,0,0,NULL,'2018-05-17 15:15:27','2018-05-17 15:15:27'),(31,'s10','s11',10,0,0,0,NULL,'2018-05-17 15:15:27','2018-05-17 15:15:27'),(32,'s11','s10',10,0,0,0,NULL,'2018-05-17 15:15:27','2018-05-17 15:15:27'),(33,'s10','s13',10,0,0,0,NULL,'2018-05-17 15:15:27','2018-05-17 15:15:27'),(34,'s13','s10',10,0,0,0,NULL,'2018-05-17 15:15:27','2018-05-17 15:15:27'),(35,'s11','s12',10,0,0,0,NULL,'2018-05-17 15:15:27','2018-05-17 15:15:27'),(36,'s12','s11',10,0,0,0,NULL,'2018-05-17 15:15:27','2018-05-17 15:15:27'),(37,'s12','s13',10,0,0,0,NULL,'2018-05-17 15:15:27','2018-05-17 15:15:27'),(38,'s13','s12',10,0,0,0,NULL,'2018-05-17 15:15:27','2018-05-17 15:15:27');
/*!40000 ALTER TABLE `links` ENABLE KEYS */;
UNLOCK TABLES;

--
-- Table structure for table `paths`
--

DROP TABLE IF EXISTS `paths`;
/*!40101 SET @saved_cs_client     = @@character_set_client */;
/*!50503 SET character_set_client = utf8mb4 */;
CREATE TABLE `paths` (
  `id` int(11) NOT NULL AUTO_INCREMENT,
  `subnet_id` int(11) NOT NULL,
  `link_id` varchar(10) NOT NULL,
  `active` tinyint(1) NOT NULL DEFAULT '0',
  `extra` varchar(200) DEFAULT NULL,
  `created_at` timestamp NULL DEFAULT CURRENT_TIMESTAMP,
  `updated_at` timestamp NULL DEFAULT CURRENT_TIMESTAMP ON UPDATE CURRENT_TIMESTAMP,
  PRIMARY KEY (`id`),
  KEY `fk_flows_link_idx` (`link_id`),
  KEY `fk_flow_subnet_idx` (`subnet_id`),
  CONSTRAINT `fk_flow_subnet` FOREIGN KEY (`subnet_id`) REFERENCES `subnets` (`id`) ON DELETE CASCADE ON UPDATE CASCADE,
  CONSTRAINT `fk_flows_link` FOREIGN KEY (`link_id`) REFERENCES `links` (`src1`) ON DELETE CASCADE ON UPDATE CASCADE
) ENGINE=InnoDB DEFAULT CHARSET=utf8;
/*!40101 SET character_set_client = @saved_cs_client */;

--
-- Dumping data for table `paths`
--

LOCK TABLES `paths` WRITE;
/*!40000 ALTER TABLE `paths` DISABLE KEYS */;
/*!40000 ALTER TABLE `paths` ENABLE KEYS */;
UNLOCK TABLES;

--
-- Table structure for table `regions`
--

DROP TABLE IF EXISTS `regions`;
/*!40101 SET @saved_cs_client     = @@character_set_client */;
/*!50503 SET character_set_client = utf8mb4 */;
CREATE TABLE `regions` (
  `id` int(11) NOT NULL,
  `lati_north` float NOT NULL,
  `longti_east` float NOT NULL,
  `lati_south` float NOT NULL,
  `longti_west` float NOT NULL,
  `ipv4_addr` int(11) DEFAULT NULL,
  `ipv6_addr` varbinary(16) DEFAULT NULL,
  `device_id` varchar(10) DEFAULT NULL,
  `extra_info` varchar(200) DEFAULT NULL,
  `created_at` timestamp NULL DEFAULT CURRENT_TIMESTAMP,
  `updated_at` timestamp NULL DEFAULT CURRENT_TIMESTAMP ON UPDATE CURRENT_TIMESTAMP,
  PRIMARY KEY (`id`),
  KEY `fk_region_device_idx` (`device_id`),
  CONSTRAINT `fk_region_device` FOREIGN KEY (`device_id`) REFERENCES `devices` (`id`) ON DELETE SET NULL ON UPDATE CASCADE
) ENGINE=InnoDB DEFAULT CHARSET=utf8;
/*!40101 SET character_set_client = @saved_cs_client */;

--
-- Dumping data for table `regions`
--

LOCK TABLES `regions` WRITE;
/*!40000 ALTER TABLE `regions` DISABLE KEYS */;
INSERT INTO `regions` VALUES (4,35.0625,126.74,35.0375,126.74,NULL,NULL,'s9',NULL,'2020-05-18 06:14:41','2020-05-18 06:14:41'),(19,35.0875,126.765,35.0625,126.765,NULL,NULL,'s9',NULL,'2020-07-13 08:35:18','2020-07-13 08:35:18'),(21,35.0875,126.765,35.0625,126.765,NULL,NULL,'s9',NULL,'2020-03-04 08:51:44','2020-03-04 08:51:44'),(27,35.0875,126.915,35.0625,126.915,NULL,NULL,'s13',NULL,'2020-04-20 10:32:09','2020-04-20 10:32:09'),(28,35.0875,126.94,35.0625,126.94,NULL,NULL,'s13',NULL,'2020-04-20 10:21:34','2020-04-20 10:21:34'),(29,35.0875,126.965,35.0625,126.965,NULL,NULL,'s13',NULL,'2020-03-04 08:51:44','2020-03-04 08:51:44'),(30,35.0875,126.99,35.0625,126.99,NULL,NULL,'s13',NULL,'2020-05-18 06:14:41','2020-05-18 06:14:41'),(34,35.1254,126.866,35.1004,126.866,NULL,NULL,'s7',NULL,'2020-07-08 05:34:06','2020-07-13 08:27:46'),(35,35.126,126.799,35.101,126.799,NULL,NULL,'s7',NULL,'2020-07-08 07:51:00','2020-07-08 07:51:00'),(36,35.1125,126.84,35.0875,126.84,NULL,NULL,'s7',NULL,'2020-07-09 00:44:50','2020-07-09 00:44:50'),(37,35.1125,126.765,35.0875,126.765,NULL,NULL,'s11',NULL,'2020-03-04 08:51:19','2020-07-13 08:35:18'),(38,35.1125,126.79,35.0875,126.79,NULL,NULL,'s7',NULL,'2020-03-02 07:46:44','2020-03-02 07:46:44'),(39,35.1125,126.815,35.0875,126.815,NULL,NULL,'s11',NULL,'2020-04-20 09:46:57','2020-07-13 08:27:46'),(40,35.1125,126.84,35.0875,126.84,NULL,NULL,'s7',NULL,'2020-03-03 10:15:52','2020-06-09 01:38:13'),(41,35.1125,126.865,35.0875,126.865,NULL,NULL,'s11',NULL,'2020-03-02 07:45:11','2020-03-02 07:45:11'),(42,35.1125,126.89,35.0875,126.89,NULL,NULL,'s11',NULL,'2020-04-20 10:21:34','2020-04-20 10:21:34'),(43,35.1125,126.915,35.0875,126.915,NULL,NULL,'s11',NULL,'2020-04-20 10:31:07','2020-04-20 10:31:07'),(44,35.1125,126.94,35.0875,126.94,NULL,NULL,'s11',NULL,'2020-03-04 08:51:19','2020-03-04 08:51:19'),(45,35.1125,126.965,35.0875,126.965,NULL,NULL,'s12',NULL,'2020-04-20 09:46:57','2020-04-20 09:46:57'),(47,35.1375,126.765,35.1125,126.765,NULL,NULL,'s7',NULL,'2020-07-08 07:51:14','2020-07-08 07:51:14'),(48,35.151,126.774,35.126,126.774,NULL,NULL,'s7',NULL,'2020-07-08 07:51:00','2020-07-09 00:40:41'),(49,35.1375,126.815,35.1125,126.815,NULL,NULL,'s7',NULL,'2020-07-08 07:51:14','2020-07-08 07:51:14'),(50,35.1375,126.84,35.1125,126.84,NULL,NULL,'s7',NULL,'2020-07-09 00:40:41','2020-07-09 00:40:41'),(51,35.1375,126.865,35.1125,126.865,NULL,NULL,'s11',NULL,'2020-07-08 07:51:14','2020-07-08 07:51:14'),(52,35.151,126.874,35.126,126.874,NULL,NULL,'s11',NULL,'2020-07-08 07:51:00','2020-07-09 00:44:50'),(53,35.1375,126.765,35.1125,126.765,NULL,NULL,'s7',NULL,'2020-05-27 07:37:17','2020-05-27 07:37:17'),(54,35.1375,126.79,35.1125,126.79,NULL,NULL,'s7',NULL,'2020-03-02 07:45:11','2020-03-02 07:45:11'),(55,35.1375,126.815,35.1125,126.815,NULL,NULL,'s7',NULL,'2020-03-05 00:48:30','2020-03-05 00:48:30'),(56,35.1375,126.84,35.1125,126.84,NULL,NULL,'s7',NULL,'2020-03-02 07:49:26','2020-04-20 10:19:56'),(57,35.1375,126.865,35.1125,126.865,NULL,NULL,'s11',NULL,'2020-03-03 10:37:12','2020-03-03 10:37:12'),(58,35.1375,126.89,35.1125,126.89,NULL,NULL,'s11',NULL,'2020-03-03 10:15:52','2020-03-03 10:15:52'),(59,35.1375,126.915,35.1125,126.915,NULL,NULL,'s11',NULL,'2020-03-02 07:46:44','2020-03-02 07:46:44'),(60,35.1375,126.94,35.1125,126.94,NULL,NULL,'s6',NULL,'2020-03-02 07:45:11','2020-07-09 00:44:50'),(61,35.1375,126.965,35.1125,126.965,NULL,NULL,'s6',NULL,'2020-04-20 10:21:34','2020-07-08 07:51:00'),(63,35.1625,126.815,35.1375,126.815,NULL,NULL,'s6',NULL,'2020-07-09 00:40:41','2020-07-09 00:40:41'),(64,35.1754,126.915,35.1504,126.915,NULL,NULL,'s6',NULL,'2020-07-08 05:34:06','2020-07-13 08:17:02'),(66,35.1625,126.89,35.1375,126.89,NULL,NULL,'s5',NULL,'2020-07-13 08:16:23','2020-07-13 08:16:23'),(67,35.1625,126.915,35.1375,126.915,NULL,NULL,'s5',NULL,'2020-07-09 00:40:58','2020-07-09 00:40:58'),(68,35.1625,126.94,35.1375,126.94,NULL,NULL,'s5',NULL,'2020-07-09 00:44:50','2020-07-09 00:44:50'),(69,35.1625,126.765,35.1375,126.765,NULL,NULL,'s6',NULL,'2020-03-03 09:54:02','2020-03-03 09:54:02'),(70,35.1625,126.79,35.1375,126.79,NULL,NULL,'s6',NULL,'2020-03-02 07:49:26','2020-03-02 07:49:26'),(71,35.1625,126.815,35.1375,126.815,NULL,NULL,'s6',NULL,'2020-03-04 08:51:19','2020-03-04 08:51:19'),(72,35.1625,126.84,35.1375,126.84,NULL,NULL,'s6',NULL,'2020-03-02 07:46:44','2020-04-20 10:16:34'),(73,35.1625,126.865,35.1375,126.865,NULL,NULL,'s5',NULL,'2020-03-02 07:45:11','2020-03-02 07:45:11'),(74,35.1625,126.89,35.1375,126.89,NULL,NULL,'s5',NULL,'2020-03-03 09:54:02','2020-03-03 09:54:02'),(75,35.1625,126.915,35.1375,126.915,NULL,NULL,'s6',NULL,'2020-03-02 07:49:26','2020-07-08 07:51:14'),(76,35.1625,126.94,35.1375,126.94,NULL,NULL,'s6',NULL,'2020-06-09 02:21:16','2020-07-09 00:44:50'),(77,35.1875,126.815,35.1625,126.815,NULL,NULL,'s6',NULL,'2020-07-09 00:40:58','2020-07-09 00:40:58'),(79,35.201,126.849,35.176,126.849,NULL,NULL,'s5',NULL,'2020-07-08 07:51:00','2020-07-08 07:51:14'),(80,35.1875,126.89,35.1625,126.89,NULL,NULL,'s5',NULL,'2020-07-09 00:44:50','2020-07-09 00:44:50'),(81,35.1914,126.923,35.1664,126.923,NULL,NULL,NULL,NULL,'2020-07-13 08:27:46','2020-07-13 08:27:46'),(85,35.1875,126.765,35.1625,126.765,NULL,NULL,'s6',NULL,'2020-04-20 10:20:49','2020-04-20 10:20:49'),(86,35.1875,126.79,35.1625,126.79,NULL,NULL,'s6',NULL,'2020-03-02 07:46:44','2020-03-02 07:46:44'),(87,35.1875,126.815,35.1625,126.815,NULL,NULL,'s6',NULL,'2020-03-03 10:37:12','2020-03-03 10:37:12'),(88,35.1875,126.84,35.1625,126.84,NULL,NULL,'s6',NULL,'2020-04-20 10:17:59','2020-04-20 10:18:00'),(89,35.1875,126.865,35.1625,126.865,NULL,NULL,'s5',NULL,'2020-04-20 10:16:02','2020-04-20 10:16:02'),(90,35.1875,126.89,35.1625,126.89,NULL,NULL,'s2',NULL,'2020-03-03 10:15:52','2020-07-09 00:40:41'),(91,35.1875,126.915,35.1625,126.915,NULL,NULL,'s2',NULL,'2020-03-02 07:46:44','2020-07-08 07:51:14'),(92,35.2125,126.84,35.1875,126.84,NULL,NULL,'s2',NULL,'2020-07-09 00:44:50','2020-07-09 00:44:50'),(93,35.1875,126.965,35.1625,126.965,NULL,NULL,'s5',NULL,'2020-04-20 10:31:07','2020-04-20 10:31:07'),(101,35.2125,126.765,35.1875,126.765,NULL,NULL,'s2',NULL,'2020-03-04 08:51:19','2020-05-27 07:37:17'),(102,35.2125,126.79,35.1875,126.79,NULL,NULL,'s2',NULL,'2020-03-02 07:49:26','2020-03-02 07:49:26'),(103,35.2125,126.815,35.1875,126.815,NULL,NULL,'s2',NULL,'2020-03-02 07:45:11','2020-03-02 07:45:11'),(104,35.2125,126.84,35.1875,126.84,NULL,NULL,'s2',NULL,'2020-03-03 09:54:02','2020-03-03 09:54:02'),(105,35.2125,126.865,35.1875,126.865,NULL,NULL,'s2',NULL,'2020-03-04 08:51:19','2020-06-09 02:30:39'),(106,35.2125,126.89,35.1875,126.89,NULL,NULL,'s3',NULL,'2020-03-05 00:48:30','2020-03-05 00:48:30'),(107,35.2125,126.915,35.1875,126.915,NULL,NULL,'s3',NULL,'2020-03-02 07:45:11','2020-03-02 07:45:11'),(108,35.2125,126.94,35.1875,126.94,NULL,NULL,'s3',NULL,'2020-03-04 08:51:19','2020-03-04 08:51:19'),(109,35.2125,126.965,35.1875,126.965,NULL,NULL,'s4',NULL,'2020-03-04 08:51:44','2020-04-20 10:32:09'),(115,35.2375,126.715,35.2125,126.715,NULL,NULL,'s1',NULL,'2020-05-18 06:14:41','2020-05-18 06:14:41'),(118,35.2375,126.79,35.2125,126.79,NULL,NULL,'s2',NULL,'2020-04-20 10:20:49','2020-04-20 10:20:49'),(121,35.2375,126.865,35.2125,126.865,NULL,NULL,'s3',NULL,'2020-03-02 07:46:44','2020-05-25 10:11:02'),(123,35.2375,126.915,35.2125,126.915,NULL,NULL,'s3',NULL,'2020-04-20 08:27:49','2020-04-20 08:27:49'),(126,35.2375,126.99,35.2125,126.99,NULL,NULL,'s4',NULL,'2020-05-18 06:14:41','2020-05-18 06:14:41');
/*!40000 ALTER TABLE `regions` ENABLE KEYS */;
UNLOCK TABLES;

--
-- Table structure for table `regions_of_request`
--

DROP TABLE IF EXISTS `regions_of_request`;
/*!40101 SET @saved_cs_client     = @@character_set_client */;
/*!50503 SET character_set_client = utf8mb4 */;
CREATE TABLE `regions_of_request` (
  `id` bigint(20) NOT NULL AUTO_INCREMENT,
  `usr_request_id` int(11) NOT NULL,
  `region_id` int(11) NOT NULL,
  PRIMARY KEY (`id`),
  KEY `fk_regions_of_request_2_idx` (`region_id`),
  KEY `fk_regions_of_request_1_idx` (`usr_request_id`),
  CONSTRAINT `fk_regions_of_request_1` FOREIGN KEY (`usr_request_id`) REFERENCES `user_requests` (`id`) ON DELETE CASCADE ON UPDATE CASCADE,
  CONSTRAINT `fk_regions_of_request_2` FOREIGN KEY (`region_id`) REFERENCES `regions` (`id`) ON DELETE CASCADE ON UPDATE CASCADE
) ENGINE=InnoDB AUTO_INCREMENT=104 DEFAULT CHARSET=utf8;
/*!40101 SET character_set_client = @saved_cs_client */;

--
-- Dumping data for table `regions_of_request`
--

LOCK TABLES `regions_of_request` WRITE;
/*!40000 ALTER TABLE `regions_of_request` DISABLE KEYS */;
INSERT INTO `regions_of_request` VALUES (1,1,41),(2,1,54),(3,1,60),(4,1,73),(5,1,103),(6,1,107),(7,2,38),(8,2,59),(9,2,72),(10,2,86),(11,2,91),(12,2,121),(13,3,56),(14,3,70),(15,3,75),(16,3,102),(17,3,121),(18,4,56),(19,4,69),(20,4,74),(21,4,104),(22,5,40),(23,5,54),(24,5,58),(25,5,86),(26,5,90),(27,5,104),(28,6,54),(29,6,57),(30,6,87),(31,6,90),(32,7,37),(33,7,41),(34,7,44),(35,7,71),(36,7,74),(37,7,101),(38,7,105),(39,7,108),(40,8,21),(41,8,29),(42,8,101),(43,8,109),(44,9,70),(45,9,107),(46,10,55),(47,10,58),(48,10,86),(49,10,106),(50,11,55),(51,11,58),(52,11,91),(53,11,103),(54,12,56),(55,12,74),(56,12,86),(57,12,106),(58,13,41),(59,13,70),(60,13,75),(61,13,104),(62,14,56),(63,14,75),(64,14,86),(65,14,105),(66,19,73),(67,19,86),(68,19,107),(69,19,73),(70,19,86),(71,19,107),(72,20,37),(73,20,105),(74,20,37),(75,20,105),(76,21,87),(77,21,91),(78,21,87),(79,21,91),(80,22,56),(81,22,74),(82,22,102),(83,22,123),(84,22,56),(85,22,74),(86,22,102),(87,22,123),(88,23,21),(89,23,29),(90,23,101),(91,23,109),(92,23,21),(93,23,29),(94,23,101),(95,23,109),(96,24,71),(97,24,75),(98,24,103),(99,24,107),(100,24,71),(101,24,75),(102,24,103),(103,24,107);
/*!40000 ALTER TABLE `regions_of_request` ENABLE KEYS */;
UNLOCK TABLES;

--
-- Table structure for table `request_status`
--

DROP TABLE IF EXISTS `request_status`;
/*!40101 SET @saved_cs_client     = @@character_set_client */;
/*!50503 SET character_set_client = utf8mb4 */;
CREATE TABLE `request_status` (
  `id` int(11) NOT NULL AUTO_INCREMENT,
  `name` varchar(20) NOT NULL,
  `desc` varchar(200) DEFAULT NULL,
  PRIMARY KEY (`id`)
) ENGINE=InnoDB AUTO_INCREMENT=5 DEFAULT CHARSET=utf8;
/*!40101 SET character_set_client = @saved_cs_client */;

--
-- Dumping data for table `request_status`
--

LOCK TABLES `request_status` WRITE;
/*!40000 ALTER TABLE `request_status` DISABLE KEYS */;
INSERT INTO `request_status` VALUES (1,'Success',NULL),(2,'Error',NULL),(3,'New',''),(4,'Processing',NULL);
/*!40000 ALTER TABLE `request_status` ENABLE KEYS */;
UNLOCK TABLES;

--
-- Table structure for table `subnets`
--

DROP TABLE IF EXISTS `subnets`;
/*!40101 SET @saved_cs_client     = @@character_set_client */;
/*!50503 SET character_set_client = utf8mb4 */;
CREATE TABLE `subnets` (
  `id` int(11) NOT NULL AUTO_INCREMENT,
  `status` varchar(45) DEFAULT NULL,
  `created_at` timestamp NULL DEFAULT CURRENT_TIMESTAMP,
  `updated_at` timestamp NULL DEFAULT CURRENT_TIMESTAMP ON UPDATE CURRENT_TIMESTAMP,
  PRIMARY KEY (`id`)
) ENGINE=InnoDB DEFAULT CHARSET=utf8;
/*!40101 SET character_set_client = @saved_cs_client */;

--
-- Dumping data for table `subnets`
--

LOCK TABLES `subnets` WRITE;
/*!40000 ALTER TABLE `subnets` DISABLE KEYS */;
/*!40000 ALTER TABLE `subnets` ENABLE KEYS */;
UNLOCK TABLES;

--
-- Table structure for table `user_requests`
--

DROP TABLE IF EXISTS `user_requests`;
/*!40101 SET @saved_cs_client     = @@character_set_client */;
/*!50503 SET character_set_client = utf8mb4 */;
CREATE TABLE `user_requests` (
  `id` int(11) NOT NULL AUTO_INCREMENT,
  `request_type` varchar(100) NOT NULL DEFAULT 'test',
  `bandwidth` int(11) DEFAULT '1' COMMENT 'Default is 1 Mbps',
  `subnet_id` int(11) DEFAULT NULL,
  `status` int(11) DEFAULT '3',
  `created_at` timestamp NULL DEFAULT CURRENT_TIMESTAMP,
  `updated_at` timestamp NULL DEFAULT CURRENT_TIMESTAMP ON UPDATE CURRENT_TIMESTAMP,
  PRIMARY KEY (`id`),
  KEY `fk_user_requests_status` (`status`),
  KEY `fk_user_requests_subnet_idx` (`subnet_id`),
  CONSTRAINT `fk_user_requests_status` FOREIGN KEY (`status`) REFERENCES `request_status` (`id`) ON DELETE SET NULL ON UPDATE CASCADE,
  CONSTRAINT `fk_user_requests_subnet` FOREIGN KEY (`subnet_id`) REFERENCES `subnets` (`id`) ON DELETE SET NULL ON UPDATE CASCADE
) ENGINE=InnoDB AUTO_INCREMENT=25 DEFAULT CHARSET=utf8;
/*!40101 SET character_set_client = @saved_cs_client */;

--
-- Dumping data for table `user_requests`
--

LOCK TABLES `user_requests` WRITE;
/*!40000 ALTER TABLE `user_requests` DISABLE KEYS */;
INSERT INTO `user_requests` VALUES (1,'test',1,NULL,4,'2020-03-02 07:45:11','2020-07-14 00:53:16'),(2,'test',5,NULL,4,'2020-03-02 07:46:44','2020-07-14 00:53:16'),(3,'test',5,NULL,4,'2020-03-02 07:49:26','2020-07-14 00:53:16'),(4,'test',5,NULL,4,'2020-03-03 09:54:02','2020-07-14 00:53:16'),(5,'test',1,NULL,4,'2020-03-03 10:15:52','2020-07-14 00:53:16'),(6,'test',1,NULL,4,'2020-03-03 10:37:12','2020-07-14 00:53:16'),(7,'test',1,NULL,4,'2020-03-04 08:51:19','2020-07-14 00:53:16'),(8,'test',1,NULL,4,'2020-03-04 08:51:44','2020-07-14 00:53:16'),(9,'test',1,NULL,4,'2020-03-04 08:52:02','2020-07-14 00:53:16'),(10,'test',1,NULL,4,'2020-03-05 00:48:30','2020-07-14 00:53:16'),(11,'test',1,NULL,4,'2020-03-05 01:05:13','2020-07-14 00:53:16'),(12,'test',1,NULL,4,'2020-03-05 02:24:10','2020-07-14 00:53:16'),(13,'test',1,NULL,4,'2020-03-05 02:25:22','2020-07-14 00:53:16'),(14,'test',1,NULL,4,'2020-03-06 01:55:49','2020-07-14 00:53:16'),(15,'test',1,NULL,4,'2020-04-16 10:39:54','2020-07-14 00:53:16'),(16,'test',1,NULL,4,'2020-04-16 10:40:01','2020-07-14 00:53:16'),(17,'test',2,NULL,4,'2020-04-16 10:40:17','2020-07-14 00:53:16'),(18,'test',1,NULL,4,'2020-04-16 10:41:50','2020-07-14 00:53:16'),(19,'test',1,NULL,4,'2020-04-20 08:24:19','2020-07-14 00:53:16'),(20,'test',1,NULL,4,'2020-04-20 08:26:32','2020-07-14 00:53:16'),(21,'test',1,NULL,4,'2020-04-20 08:27:34','2020-07-14 00:53:16'),(22,'test',1,NULL,4,'2020-04-20 08:27:49','2020-07-14 00:53:16'),(23,'test',1,NULL,4,'2020-04-20 08:32:53','2020-07-14 00:53:16'),(24,'test',1,NULL,4,'2020-04-20 09:45:05','2020-07-14 00:53:16');
/*!40000 ALTER TABLE `user_requests` ENABLE KEYS */;
UNLOCK TABLES;
/*!40103 SET TIME_ZONE=@OLD_TIME_ZONE */;

/*!40101 SET SQL_MODE=@OLD_SQL_MODE */;
/*!40014 SET FOREIGN_KEY_CHECKS=@OLD_FOREIGN_KEY_CHECKS */;
/*!40014 SET UNIQUE_CHECKS=@OLD_UNIQUE_CHECKS */;
/*!40101 SET CHARACTER_SET_CLIENT=@OLD_CHARACTER_SET_CLIENT */;
/*!40101 SET CHARACTER_SET_RESULTS=@OLD_CHARACTER_SET_RESULTS */;
/*!40101 SET COLLATION_CONNECTION=@OLD_COLLATION_CONNECTION */;
/*!40111 SET SQL_NOTES=@OLD_SQL_NOTES */;

-- Dump completed on 2020-07-29 23:24:21
